channel_id,registry_channel_name,handle,youtube_channel_title,availability,subscriber_count,video_count,uploads_playlist_id,latest_video_id,latest_published_at,checked_at
UCaltBBIFhAqt8_ECttdKgsw,2ch馴れ初め感動シネマ,@naresomecinema,2ch馴れ初め感動シネマ,public,51200,416,UUaltBBIFhAqt8_ECttdKgsw,fPrXVayETLw,2026-10-06T09:00:37Z,2026-10-06T22:48:31+00:00
UCV7L-T0d_Mxq725mxV_zv0g,2ch馴れ初めコレクション,@narecolle,2ch馴れ初めコレクション,public,198,0,UUV7L-T0d_Mxq725mxV_zv0g,,,2026-10-06T22:48:31+00:00
UC5qxS4hFAhSqPXNIZ-j4h-A,思い出のゆっくり2ch,@omoide2ch,思い出のゆっくり2ch,public,109000,1018,UU5qxS4hFAhSqPXNIZ-j4h-A,vKfnAfYpRt4,2026-10-05T10:00:20Z,2026-10-06T22:48:31+00:00
UCGAn8ks-dTNfJK7i9LgSBvQ,2ch馴れ初めで愛を語る,@2ch-qb6iw,2ch馴れ初めで愛を語る,public,96600,505,UUGAn8ks-dTNfJK7i9LgSBvQ,pcpA6XNhC4I,2026-10-03T03:00:11Z,2026-10-06T22:48:31+00:00
UCMKCAHo4JFbXD2J77nWSswQ,2ch純愛物語,@2ch-zd5xd,2ch純愛物語,public,65100,2,UUMKCAHo4JFbXD2J77nWSswQ,tKzpgnkGbLg,2026-07-08T08:00:03Z,2026-10-06T22:48:31+00:00
UCCgLFnHcSl1qoK5hzrjdBGQ,2chほっこり馴れ初め話,@nresome-happy,2chほっこり馴れ初め話,public,55900,0,UUCgLFnHcSl1qoK5hzrjdBGQ,,,2026-10-06T22:48:31+00:00
UCf-5TwO_qhozUjT_t7wFo7g,2ch馴れ初めキューピッド,@2ch-naresomecupid,2ch馴れ初めキューピッド,public,48600,529,UUf-5TwO_qhozUjT_t7wFo7g,ZnfPsailmpk,2026-10-06T09:00:08Z,2026-10-06T22:48:31+00:00
UCZO_CyvufladklB8zJCWGJA,2ch馴れ初め日記帳,@2ch-wf8jq,2ch馴れ初め日記帳,public,46900,5,UUZO_CyvufladklB8zJCWGJA,SEyL2askprA,2026-06-20T09:00:06Z,2026-10-06T22:48:31+00:00
UCbmIgai3Xl6myks8yCFOqfg,2ch 馴れ初め白書,@naresomehakusho,2ch 馴れ初め白書,public,46100,5,UUbmIgai3Xl6myks8yCFOqfg,eQpbKFgeves,2026-07-25T09:00:03Z,2026-10-06T22:48:31+00:00
UC2QbHksaudhIBmJfbFJHeVQ,2ch馴れ初めヒストリー,@2ch馴れ初めヒストリー,2ch馴れ初めヒストリー,public,29700,7,UU2QbHksaudhIBmJfbFJHeVQ,ZB-foTU0PM4,2026-10-03T10:30:26Z,2026-10-06T22:48:31+00:00
UCIJONPMEYWDjyz07oNx55Pw,2ch馴れ初め奇跡の出会い,@2ch-uu1ct,2ch馴れ初め奇跡の出会い,public,30400,630,UUIJONPMEYWDjyz07oNx55Pw,LxZUhKHLwbI,2026-10-05T10:00:19Z,2026-10-06T22:48:31+00:00
UCj_9E9bot7tURW10az9_Diw,ゆっくり2chのちゃんちゃん,@2chchanchan,ゆっくり2chのちゃんちゃん,public,28800,837,UUj_9E9bot7tURW10az9_Diw,WAfLzD0bT0Y,2026-10-06T08:30:29Z,2026-10-06T22:48:31+00:00
UCTVWyQS0zn-GJCVXF6fQsUw,2ch馴れ初めクエスト,@2ch馴れ初めクエスト,2ch馴れ初めクエスト,public,26100,0,UUTVWyQS0zn-GJCVXF6fQsUw,,,2026-10-06T22:48:31+00:00
UC9M17Nb4VrBTCynrJSTMj6Q,2ch馴れ初めラブレター,@2ch-oi5fw,2ch馴れ初めラブレター,public,24700,592,UU9M17Nb4VrBTCynrJSTMj6Q,yZxHMfdIwh4,2026-10-04T10:00:24Z,2026-10-06T22:48:31+00:00
UCqaL3Zr-4tF2AjQziFuhelg,2ch 馴れ初め ストーリーズ,@2ch-qp3vc,2ch 馴れ初め ストーリーズ,public,17500,591,UUqaL3Zr-4tF2AjQziFuhelg,_VU11pcXMDg,2026-10-06T07:00:37Z,2026-10-06T22:48:31+00:00
UCABdQbaMVtprZJa8oqlZIQQ,2ch馴れ初めツインズ,@2ch-twins,2ch馴れ初めツインズ,public,14700,237,UUABdQbaMVtprZJa8oqlZIQQ,YGUPf4Hlb1I,2026-10-02T08:00:30Z,2026-10-06T22:48:31+00:00
UCuF5eOKpyxiZb_-grU2BWuA,2ch馴れ初めパレード,@2ch馴れ初めパレード-q3w,2ch馴れ初めパレード,public,12800,137,UUuF5eOKpyxiZb_-grU2BWuA,rfuVNhAwU8U,2026-10-05T08:45:28Z,2026-10-06T22:48:31+00:00
UCMeypkYE165Tbw12XPdVnxQ,2ch馴れ初めほっこり物語,@2ch馴れ初めほっこり物語,2ch馴れ初めほっこり物語,public,12800,279,UUMeypkYE165Tbw12XPdVnxQ,qTMFbQs0NHs,2026-10-06T09:30:21Z,2026-10-06T22:48:31+00:00
UCsH9V11uQ-wkMJNleyksCtw,2chの感動馴初め話,@2chkanndounaresome,2chの感動馴初め話,public,11400,287,UUsH9V11uQ-wkMJNleyksCtw,QZ38zyiAyEM,2026-10-05T10:15:22Z,2026-10-06T22:48:31+00:00
UCdyUNf43th0WS72Iaxyi2Pw,レモネードハイツ,@2ch-lemonade,レモネードハイツ,public,11900,535,UUdyUNf43th0WS72Iaxyi2Pw,Ub-6tcI17Rs,2026-10-06T08:00:25Z,2026-10-06T22:48:31+00:00
UC_B0RIqsASCDlZGI_GPPXqQ,2ch馴れ初めムービー,@2ch馴れ初めムービー,2ch馴れ初めムービー,public,7600,87,UU_B0RIqsASCDlZGI_GPPXqQ,trLgX50w2YI,2026-04-14T02:45:04Z,2026-10-06T22:48:31+00:00
UCvlBRb921xn_o13VTnILOKw,2ch馴れ初めゆっくりで最愛,@2ch_naresomesaiai,2ch馴れ初めゆっくりで最愛,public,6700,141,UUvlBRb921xn_o13VTnILOKw,nz7P0TCCwCc,2025-03-12T10:00:57Z,2026-10-06T22:48:31+00:00
UCZGcH1Ng57XSxnX62skVOrQ,馴れ初め脚長オジサン,@naresomeoji3,馴れ初め脚長オジサン,public,6130,92,UUZGcH1Ng57XSxnX62skVOrQ,vPueiR_uEKk,2023-12-02T10:00:46Z,2026-10-06T22:48:31+00:00
UChUBW2cG12v8rAbOEv3wJOg,2ch馴れ初めタイムトラベル,@2ch馴れ初めタイムトラベル,2chあの日の馴れ初め,public,5350,9,UUhUBW2cG12v8rAbOEv3wJOg,HnvjNoD06tY,2026-08-30T08:00:24Z,2026-10-06T22:48:31+00:00
UCmEJtwgg3U7dM2cuB6UI4OQ,ほろり感動馴れ初め話,@hororikanndounaresomebanasi,ほろり感動馴れ初め話,public,4550,158,UUmEJtwgg3U7dM2cuB6UI4OQ,fZkkMVIif3g,2026-10-05T10:15:13Z,2026-10-06T22:48:31+00:00
UCJhNSEONjBJMyl0rOnu6_FQ,2ch馴れ初めふたば,@hutaba-i7y,2ch馴れ初めふたば,public,2410,0,UUJhNSEONjBJMyl0rOnu6_FQ,,,2026-10-06T22:48:31+00:00
UCASyQ69DOcVi88tFOJbbdBw,馴れ初め公園,@馴れ初め公園,馴れ初め公園,public,3140,101,UUASyQ69DOcVi88tFOJbbdBw,BFVFKe32lS8,2026-10-06T09:00:10Z,2026-10-06T22:48:31+00:00
UCXWjfr1sLbhiomd6MtxoTfA,2ch馴れ初めスクランブル,@2chnaresome-scramble,2ch馴れ初めスクランブル,public,2420,39,UUXWjfr1sLbhiomd6MtxoTfA,Nc2q8nLGEJw,2024-12-05T10:30:11Z,2026-10-06T22:48:31+00:00
UC4z1Nn5WWnjFZ7_mtpAq-0w,ゆっくり2ch語り,@yukkuri2chgatari,ゆっくり2ch語り,public,39700,371,UU4z1Nn5WWnjFZ7_mtpAq-0w,T380lgaQYUU,2023-04-18T01:00:09Z,2026-10-06T22:48:31+00:00
UCNgCovRcGFrH1qe5uwJ5utg,2chほのぼのちゃんちゃん,@2chhonobonochanchan,2chほのぼのちゃんちゃん,public,24800,514,UUNgCovRcGFrH1qe5uwJ5utg,q8xB9bmnLC4,2026-10-05T08:30:28Z,2026-10-06T22:48:31+00:00
UCmoqLhFTI1kTDNj7Flvr7rQ,2chほっこりパラダイス,@2ch917,2chほっこりパラダイス,public,17700,981,UUmoqLhFTI1kTDNj7Flvr7rQ,uh2ikQYn70Q,2025-02-24T10:01:04Z,2026-10-06T22:48:31+00:00
UC_3xqtULO8iMQFJuyw3RSlA,2ch感動の馴れ初め話,@japan_2ch_story_kaigai-action,2ch感動の馴れ初め話,public,13300,205,UU_3xqtULO8iMQFJuyw3RSlA,a7br0yZc6P8,2026-10-06T07:00:15Z,2026-10-06T22:48:31+00:00
UCOBZRjeoyyA26TcAmkXq7uQ,2ch馴れ初め物語,@ch-ih2cu,2ch馴れ初め物語,public,28200,302,UUOBZRjeoyyA26TcAmkXq7uQ,cW1Ph9I-ql0,2026-10-06T08:00:29Z,2026-10-06T22:48:31+00:00
UCnQXafSqW9wSkwGi-7-xn2Q,馴れ初めステーション,@馴れ初めステーション,馴れ初めステーション,unavailable,2160,3,UUnQXafSqW9wSkwGi-7-xn2Q,HMq0ch-X_0A,2026-09-13T07:00:28Z,2026-10-06T22:48:31+00:00
UCNxo2FDan06anwFifY5ew5w,2ch馴れ初め横丁,@2ch-dc5iy,2ch馴れ初め横丁,public,18100,217,UUNxo2FDan06anwFifY5ew5w,s-mvsTUqEQI,2026-10-06T08:30:22Z,2026-10-06T22:48:31+00:00
UCnHQiFUyQhT6wPG8bJcreMg,馴れ初めの中心で愛を叫ぶ,@馴れ初めの中心で愛を叫ぶ,馴れ初めの中心で愛を叫ぶ,public,3240,121,UUnHQiFUyQhT6wPG8bJcreMg,dfZ-QM3ll44,2026-10-06T08:00:37Z,2026-10-06T22:48:31+00:00
