category,category_label,channel_name,db_title,handle,canonical_channel_id,channel_id,match_status,match_method,data_status,lifecycle,realtime_target,monitor_policy,backup_status,subscriber_count,channel_status,channel_availability,youtube_video_count,latest_public_video,last_channel_check,db_current_video_count,current_db_video_rows,archive_db_video_rows,db_video_rows,db_sum_video_views,portal_video_count,portal_view_sum,latest_video,portal_latest_video,last_synced_at,snapshot_archive_count,observed_archive_count,history_preserved_count,thumbnail_available_count,thumbnail_preserved_count,script_asset_count,portal_source_types,note
self,自チャンネル,2ch馴れ初め感動シネマ,2ch馴れ初め感動シネマ,@naresomecinema,UCaltBBIFhAqt8_ECttdKgsw,UCaltBBIFhAqt8_ECttdKgsw,BQ突合済み,canonical_channel_id,DBデータあり,競合・更新あり,True,daily_new_video_and_stats,Git前回差分保全 412本,50900,active,public,413,2026-09-30T10:00:17Z,2026-09-30T22:38:50+00:00,413,413,0,413,30214554,412,30209554,2026-09-30T10:00:17Z,2026-09-30T10:00:17Z,2026-10-01 03:20:20,0,0,0,412,412,144,current,比較基準
related,関連チャンネル,2ch馴れ初めコレクション,2ch馴れ初めコレクション,@narecolle,UCV7L-T0d_Mxq725mxV_zv0g,UCV7L-T0d_Mxq725mxV_zv0g,BQ突合済み,canonical_channel_id,データなし,過去競合・現在公開なし,False,weekly_restart_check,なし,198,no_videos,public,0,,2026-09-30T22:38:50+00:00,0,0,0,0,0,0,0,,,2026-05-31 08:55:45,0,0,0,0,0,0,,関連チャンネル候補
direct_a,直接競合A,思い出のゆっくり2ch,思い出のゆっくり2ch,@omoide2ch,UC5qxS4hFAhSqPXNIZ-j4h-A,UC5qxS4hFAhSqPXNIZ-j4h-A,BQ突合済み,canonical_channel_id,DBデータあり,競合・更新あり,True,daily_new_video_and_stats,履歴保全 2/1119・Git差分保全,109000,active,public,1015,2026-09-29T10:00:27Z,2026-09-30T22:38:50+00:00,1015,1268,0,1268,104372823,1119,56274181,2026-09-29T10:00:27Z,2026-09-29T10:00:27Z,2026-10-01 03:20:20,0,2,2,1119,119,0,"current,observed_archive",最大級の直接競合
direct_a,直接競合A,2ch馴れ初めで愛を語る,2ch馴れ初めで愛を語る,@2ch-qb6iw,UCGAn8ks-dTNfJK7i9LgSBvQ,UCGAn8ks-dTNfJK7i9LgSBvQ,BQ突合済み,canonical_channel_id,DBデータあり,競合・更新あり,True,daily_new_video_and_stats,Git前回差分保全 491本,96600,active,public,504,2026-09-27T10:08:56Z,2026-09-30T22:38:50+00:00,504,504,0,504,64414338,491,61767352,2026-09-27T10:08:56Z,2026-09-27T10:08:56Z,2026-10-01 03:20:20,0,0,0,491,490,161,current,大型直接競合
direct_a,直接競合A,2ch純愛物語,2ch純愛物語,@2ch-zd5xd,UCMKCAHo4JFbXD2J77nWSswQ,UCMKCAHo4JFbXD2J77nWSswQ,BQ突合済み,canonical_channel_id,DBデータあり,過去競合・更新停止,False,weekly_restart_check,履歴保全 66/68・Git差分保全,65200,active,public,2,2026-07-08T08:00:03Z,2026-09-30T22:38:50+00:00,2,2,0,2,19139,68,4431528,2026-07-08T08:00:03Z,2026-07-08T08:00:03Z,2026-10-01 03:20:20,0,66,66,68,2,0,"current,observed_archive",純愛・感動・独自キャラクター
direct_a,直接競合A,2chほっこり馴れ初め話,2chほっこり馴れ初め話,@nresome-happy,UCCgLFnHcSl1qoK5hzrjdBGQ,UCCgLFnHcSl1qoK5hzrjdBGQ,BQ突合済み,canonical_channel_id,DBデータあり,過去競合・現在公開なし,False,weekly_restart_check,履歴保全 529/529・Git差分保全,55900,no_videos,public,0,,2026-09-30T22:38:50+00:00,0,0,500,500,20866282,529,21920201,2026-01-25 07:00:02+00:00,2026-01-25 07:00:02+00:00,2026-10-01 03:20:20,0,32,529,529,89,0,"archive,observed_archive",フィクション・非引用を明記
direct_a,直接競合A,2ch馴れ初めキューピッド,2ch馴れ初めキューピッド,@2ch-naresomecupid,UCf-5TwO_qhozUjT_t7wFo7g,UCf-5TwO_qhozUjT_t7wFo7g,BQ突合済み,canonical_channel_id,DBデータあり,競合・更新あり,True,daily_new_video_and_stats,Git前回差分保全 526本,48600,active,public,527,2026-09-29T11:00:38Z,2026-09-30T22:38:50+00:00,527,527,0,527,32494486,526,32437529,2026-09-29T11:00:38Z,2026-09-29T11:00:38Z,2026-10-01 03:20:20,0,0,0,526,526,97,current,ほっこり型
direct_a,直接競合A,2ch馴れ初め日記帳,2ch馴れ初め日記帳,@2ch-wf8jq,UCZO_CyvufladklB8zJCWGJA,UCZO_CyvufladklB8zJCWGJA,BQ突合済み,canonical_channel_id,DBデータあり,過去競合・更新停止,False,weekly_restart_check,履歴保全 542/547・Git差分保全,46900,active,public,5,2026-06-20T09:00:06Z,2026-09-30T22:38:50+00:00,5,5,500,505,16614433,547,18753424,2026-06-20T09:00:06Z,2026-06-20T09:00:06Z,2026-10-01 03:20:20,0,42,542,547,5,0,"archive,current,observed_archive",フィクション・非引用を明記
direct_a,直接競合A,2ch 馴れ初め白書,2ch 馴れ初め白書,@naresomehakusho,UCbmIgai3Xl6myks8yCFOqfg,UCbmIgai3Xl6myks8yCFOqfg,BQ突合済み,canonical_channel_id,DBデータあり,過去競合・更新停止,False,weekly_restart_check,履歴保全 55/56・Git差分保全,46100,active,public,5,2026-07-25T09:00:03Z,2026-09-30T22:38:50+00:00,5,1,0,1,552,56,2273930,2026-07-07T09:00:01Z,2026-07-07T09:00:01Z,2026-10-01 03:20:20,0,55,55,56,1,0,"current,observed_archive",フィクション・非引用を明記
direct_a,直接競合A,2ch馴れ初めヒストリー,2ch馴れ初めヒストリー,@2ch馴れ初めヒストリー,UC2QbHksaudhIBmJfbFJHeVQ,UC2QbHksaudhIBmJfbFJHeVQ,BQ突合済み,canonical_channel_id,DBデータあり,競合・更新あり,True,daily_new_video_and_stats,履歴保全 1/726・Git差分保全,29700,active,public,6,2026-09-26T10:30:18Z,2026-09-30T22:38:50+00:00,6,725,0,725,21679477,726,21777960,2026-09-26T10:30:18Z,2026-09-26T10:30:18Z,2026-10-01 03:20:20,0,1,1,726,724,108,"current,observed_archive",夫婦の馴れ初め
direct_a,直接競合A,2ch馴れ初め奇跡の出会い,2ch馴れ初め奇跡の出会い,@2ch-uu1ct,UCIJONPMEYWDjyz07oNx55Pw,UCIJONPMEYWDjyz07oNx55Pw,BQ突合済み,canonical_channel_id,DBデータあり,競合・更新あり,True,daily_new_video_and_stats,Git前回差分保全 624本,30300,active,public,627,2026-09-29T10:00:12Z,2026-09-30T22:38:50+00:00,627,627,0,627,20753783,624,20662490,2026-09-29T10:00:12Z,2026-09-29T10:00:12Z,2026-10-01 03:20:20,0,0,0,624,624,116,current,夫婦の馴れ初め・ほっこり
direct_a,直接競合A,ゆっくり2chのちゃんちゃん,ゆっくり2chのちゃんちゃん,@2chchanchan,UCj_9E9bot7tURW10az9_Diw,UCj_9E9bot7tURW10az9_Diw,BQ突合済み,canonical_channel_id,DBデータあり,競合・更新あり,True,daily_new_video_and_stats,履歴保全 1/766・Git差分保全,28700,active,public,835,2026-09-30T08:30:33Z,2026-09-30T22:38:50+00:00,835,836,0,836,31155789,766,29132218,2026-09-30T08:30:33Z,2026-09-30T08:30:33Z,2026-10-01 03:20:20,1,0,1,766,132,0,"current,portal_snapshot_archive",人間関係全般だが形式・視聴者が近い
direct_a,直接競合A,2ch馴れ初めクエスト,2ch馴れ初めクエスト,@2ch馴れ初めクエスト,UCTVWyQS0zn-GJCVXF6fQsUw,UCTVWyQS0zn-GJCVXF6fQsUw,BQ突合済み,canonical_channel_id,DBデータあり,過去競合・現在公開なし,False,weekly_restart_check,履歴保全 549/549・Git差分保全,26100,no_videos,public,0,,2026-09-30T22:38:50+00:00,0,0,500,500,9836132,549,11933242,2026-01-25 08:00:57+00:00,2026-01-25 08:00:57+00:00,2026-10-01 03:20:20,0,50,549,549,221,0,"archive,observed_archive",馴れ初め・感動恋愛
direct_a,直接競合A,2ch馴れ初めラブレター,2ch馴れ初めラブレター,@2ch-oi5fw,UC9M17Nb4VrBTCynrJSTMj6Q,UC9M17Nb4VrBTCynrJSTMj6Q,BQ突合済み,canonical_channel_id,DBデータあり,競合・更新あり,True,daily_new_video_and_stats,Git前回差分保全 588本,24700,active,public,591,2026-09-30T09:00:18Z,2026-09-30T22:38:50+00:00,591,591,0,591,20274057,588,20139543,2026-09-30T09:00:18Z,2026-09-30T09:00:18Z,2026-10-01 03:20:20,0,0,0,588,588,105,current,夫婦の馴れ初め
direct_b,直接競合B,2ch 馴れ初め ストーリーズ,2ch 馴れ初め ストーリーズ,@2ch-qp3vc,UCqaL3Zr-4tF2AjQziFuhelg,UCqaL3Zr-4tF2AjQziFuhelg,BQ突合済み,canonical_channel_id,DBデータあり,競合・更新あり,True,daily_new_video_and_stats,Git前回差分保全 556本,17500,active,public,586,2026-09-30T07:00:02Z,2026-09-30T22:38:50+00:00,586,556,0,556,11830014,556,11830016,2026-09-30T07:00:02Z,2026-09-30T07:00:02Z,2026-10-01 03:20:20,0,0,0,556,556,101,current,フィクション・非引用
direct_b,直接競合B,2ch馴れ初めツインズ,2ch馴れ初めツインズ,@2ch-twins,UCABdQbaMVtprZJa8oqlZIQQ,UCABdQbaMVtprZJa8oqlZIQQ,BQ突合済み,canonical_channel_id,DBデータあり,競合・更新あり,True,daily_new_video_and_stats,Git前回差分保全 236本,14700,active,public,236,2026-09-25T09:30:03Z,2026-09-30T22:38:50+00:00,236,236,0,236,9439459,236,9439459,2026-09-25T09:30:03Z,2026-09-25T09:30:03Z,2026-10-01 03:20:20,0,0,0,236,233,100,current,ほっこり型
direct_b,直接競合B,2ch馴れ初めパレード,2ch馴れ初めパレード,@2ch馴れ初めパレード-q3w,UCuF5eOKpyxiZb_-grU2BWuA,UCuF5eOKpyxiZb_-grU2BWuA,BQ突合済み,canonical_channel_id,DBデータあり,競合・更新あり,True,daily_new_video_and_stats,Git前回差分保全 135本,12800,active,public,137,2026-09-30T08:45:02Z,2026-09-30T22:38:50+00:00,137,135,0,135,6266497,135,6266497,2026-09-30T08:45:02Z,2026-09-30T08:45:02Z,2026-10-01 03:20:20,0,0,0,135,134,101,current,旧主要ベンチマーク
direct_b,直接競合B,2ch馴れ初めほっこり物語,2ch馴れ初めほっこり物語,@2ch馴れ初めほっこり物語,UCMeypkYE165Tbw12XPdVnxQ,UCMeypkYE165Tbw12XPdVnxQ,BQ突合済み,canonical_channel_id,DBデータあり,競合・更新あり,True,daily_new_video_and_stats,Git前回差分保全 272本,12800,active,public,276,2026-09-30T09:30:08Z,2026-09-30T22:38:50+00:00,276,276,0,276,6696992,272,6491688,2026-09-30T09:30:08Z,2026-09-30T09:30:08Z,2026-10-01 03:20:20,0,0,0,272,272,109,current,夫婦の馴れ初め
direct_b,直接競合B,2chの感動馴初め話,2chの感動馴初め話,@2chkanndounaresome,UCsH9V11uQ-wkMJNleyksCtw,UCsH9V11uQ-wkMJNleyksCtw,BQ突合済み,canonical_channel_id,DBデータあり,競合・更新あり,True,daily_new_video_and_stats,Git前回差分保全 285本,11400,active,public,284,2026-09-30T10:00:26Z,2026-09-30T22:38:50+00:00,284,286,0,286,6863507,285,6852618,2026-09-30T10:00:26Z,2026-09-30T10:00:26Z,2026-10-01 03:20:20,0,0,0,285,284,104,current,2ch・5ch風ドラマ
direct_b,直接競合B,レモネードハイツ,レモネードハイツ,@2ch-lemonade,UCdyUNf43th0WS72Iaxyi2Pw,UCdyUNf43th0WS72Iaxyi2Pw,BQ突合済み,canonical_channel_id,DBデータあり,競合・更新あり,True,daily_new_video_and_stats,Git前回差分保全 529本,11800,active,public,530,2026-09-30T08:00:16Z,2026-09-30T22:38:50+00:00,530,530,0,530,6026189,529,5960151,2026-09-30T08:00:16Z,2026-09-30T08:00:16Z,2026-10-01 03:20:20,0,0,0,529,195,0,current,フィクション・非引用
direct_b,直接競合B,2ch馴れ初めムービー,2ch馴れ初めムービー,@2ch馴れ初めムービー,UC_B0RIqsASCDlZGI_GPPXqQ,UC_B0RIqsASCDlZGI_GPPXqQ,BQ突合済み,canonical_channel_id,DBデータあり,過去競合・更新停止,False,weekly_restart_check,履歴保全 1/88・Git差分保全,7600,active,public,87,2026-04-14T02:45:04Z,2026-09-30T22:38:50+00:00,87,87,0,87,3570220,88,3785857,2026-04-14T02:45:04Z,2026-04-14T02:45:04Z,2026-10-01 03:20:20,0,1,1,88,86,86,"current,observed_archive",フィクション・非引用
direct_b,直接競合B,2ch馴れ初めゆっくりで最愛,2ch馴れ初めゆっくりで最愛,@2ch_naresomesaiai,UCvlBRb921xn_o13VTnILOKw,UCvlBRb921xn_o13VTnILOKw,BQ突合済み,canonical_channel_id,DBデータあり,過去競合・更新停止,False,weekly_restart_check,Git前回差分保全 141本,6700,active,public,141,2025-03-12T10:00:57Z,2026-09-30T22:38:50+00:00,141,141,0,141,2493450,141,2493471,2025-03-12T10:00:57Z,2025-03-12T10:00:57Z,2026-10-01 03:20:20,0,0,0,141,135,96,current,夫婦の馴れ初め・ほっこり
direct_b,直接競合B,馴れ初め脚長オジサン,馴れ初め脚長オジサン,@naresomeoji3,UCZGcH1Ng57XSxnX62skVOrQ,UCZGcH1Ng57XSxnX62skVOrQ,BQ突合済み,canonical_channel_id,DBデータあり,過去競合・更新停止,False,weekly_restart_check,Git前回差分保全 92本,6130,active,public,92,2023-12-02T10:00:46Z,2026-09-30T22:38:50+00:00,92,92,0,92,2413354,92,2413354,2023-12-02T10:00:46Z,2023-12-02T10:00:46Z,2026-10-01 03:20:20,0,0,0,92,92,92,current,可哀想な女の子の救済型
direct_b,直接競合B,2ch馴れ初めタイムトラベル,2chあの日の馴れ初め,@2ch馴れ初めタイムトラベル,UChUBW2cG12v8rAbOEv3wJOg,UChUBW2cG12v8rAbOEv3wJOg,BQ突合済み,canonical_channel_id,DBデータあり,競合・更新あり,True,daily_new_video_and_stats,Git前回差分保全 100本,5340,active,public,9,2026-08-30T08:00:24Z,2026-09-30T22:38:50+00:00,9,100,0,100,2306991,100,2306991,2026-08-30T08:00:24Z,2026-08-30T08:00:24Z,2026-10-01 03:20:20,0,0,0,100,99,89,current,夫婦の馴れ初め
direct_b,直接競合B,ほろり感動馴れ初め話,ほろり感動馴れ初め話,@hororikanndounaresomebanasi,UCmEJtwgg3U7dM2cuB6UI4OQ,UCmEJtwgg3U7dM2cuB6UI4OQ,BQ突合済み,canonical_channel_id,DBデータあり,競合・更新あり,True,daily_new_video_and_stats,Git前回差分保全 157本,4540,active,public,157,2026-09-29T10:00:25Z,2026-09-30T22:38:50+00:00,157,157,0,157,2525276,157,2525276,2026-09-29T10:00:25Z,2026-09-29T10:00:25Z,2026-10-01 03:20:20,0,0,0,157,157,98,current,恋愛・馴れ初め
direct_b,直接競合B,2ch馴れ初めふたば,2ch馴れ初めふたば,@hutaba-i7y,UCJhNSEONjBJMyl0rOnu6_FQ,UCJhNSEONjBJMyl0rOnu6_FQ,BQ突合済み,canonical_channel_id,DBデータあり,過去競合・現在公開なし,False,weekly_restart_check,履歴保全 256/256・Git差分保全,2410,no_videos,public,0,,2026-09-30T22:38:50+00:00,0,0,258,258,970383,256,968457,2025-07-29T09:00:17Z,2025-07-29T09:00:17Z,2026-10-01 03:20:20,0,0,256,256,0,0,archive,フィクション・非引用
direct_b,直接競合B,馴れ初め公園,馴れ初め公園,@馴れ初め公園,UCASyQ69DOcVi88tFOJbbdBw,UCASyQ69DOcVi88tFOJbbdBw,BQ突合済み,canonical_channel_id,DBデータあり,競合・更新あり,True,daily_new_video_and_stats,Git前回差分保全 98本,3080,active,public,98,2026-09-30T09:00:29Z,2026-09-30T22:38:50+00:00,98,98,0,98,1538625,98,1538625,2026-09-30T09:00:29Z,2026-09-30T09:00:29Z,2026-10-01 03:20:20,0,0,0,98,98,40,current,完全創作フィクション
direct_b,直接競合B,2ch馴れ初めスクランブル,2ch馴れ初めスクランブル,@2chnaresome-scramble,UCXWjfr1sLbhiomd6MtxoTfA,UCXWjfr1sLbhiomd6MtxoTfA,BQ突合済み,canonical_channel_id,DBデータあり,過去競合・更新停止,False,weekly_restart_check,Git前回差分保全 39本,2410,active,public,39,2024-12-05T10:30:11Z,2026-09-30T22:38:50+00:00,39,39,0,39,1076855,39,1076855,2024-12-05T10:30:11Z,2024-12-05T10:30:11Z,2026-10-01 03:20:20,0,0,0,39,39,39,current,青春テーマ
adjacent,周辺競合,ゆっくり2ch語り,ゆっくり2ch語り,@yukkuri2chgatari,UC4z1Nn5WWnjFZ7_mtpAq-0w,UC4z1Nn5WWnjFZ7_mtpAq-0w,BQ突合済み,canonical_channel_id,DBデータあり,過去競合・更新停止,False,weekly_restart_check,Git前回差分保全 365本,39800,active,public,371,2023-04-18T01:00:09Z,2026-09-30T22:38:50+00:00,371,371,0,371,71087136,365,68267268,2023-04-18T01:00:09Z,2023-04-18T01:00:09Z,2026-10-01 03:20:20,0,0,0,365,8,0,current,2chスレ・ゆっくり形式
adjacent,周辺競合,2chほのぼのちゃんちゃん,2chほのぼのちゃんちゃん,@2chhonobonochanchan,UCNgCovRcGFrH1qe5uwJ5utg,UCNgCovRcGFrH1qe5uwJ5utg,BQ突合済み,canonical_channel_id,DBデータあり,競合・更新あり,True,daily_new_video_and_stats,履歴保全 4/518・Git差分保全,24800,active,public,512,2026-09-29T08:30:27Z,2026-09-30T22:38:50+00:00,512,530,0,530,24466827,518,23767319,2026-09-29T08:30:27Z,2026-09-29T08:30:27Z,2026-10-01 03:20:20,0,4,4,518,110,0,"current,observed_archive",人間関係全般
adjacent,周辺競合,2chほっこりパラダイス,,@2ch917,UCmoqLhFTI1kTDNj7Flvr7rQ,UCmoqLhFTI1kTDNj7Flvr7rQ,BQ未登録,,データなし,過去競合・更新停止,False,weekly_restart_check,なし,17700,,public,981,2025-02-24T10:01:04Z,2026-09-30T22:38:50+00:00,0,0,0,0,0,0,0,,,,0,0,0,0,0,0,,子ども・家族・人間関係
adjacent,周辺競合,2ch感動の馴れ初め話,2ch感動の馴れ初め話,@japan_2ch_story_kaigai-action,UC_3xqtULO8iMQFJuyw3RSlA,UC_3xqtULO8iMQFJuyw3RSlA,BQ突合済み,canonical_channel_id,DBデータあり,競合・更新あり,True,daily_new_video_and_stats,Git前回差分保全 135本,13200,active,public,203,2026-09-29T07:00:23Z,2026-09-30T22:38:50+00:00,203,135,0,135,3929741,135,3929741,2026-09-29T07:00:23Z,2026-09-29T07:00:23Z,2026-10-01 03:20:20,0,0,0,135,76,0,current,海外反応とのハイブリッド
direct_a,直接競合A,2ch馴れ初め物語,2ch馴れ初め物語,@ch-ih2cu,UCOBZRjeoyyA26TcAmkXq7uQ,UCOBZRjeoyyA26TcAmkXq7uQ,BQ突合済み,canonical_channel_id,DBデータあり,競合・更新あり,True,daily_new_video_and_stats,Git前回差分保全 279本,27700,active,public,298,2026-09-30T08:00:36Z,2026-09-30T22:38:50+00:00,298,298,0,298,26430807,279,24664762,2026-09-30T08:00:36Z,2026-09-30T08:00:36Z,2026-10-01 03:20:20,0,0,0,279,29,0,current,User requested 2026-09-13; daily BigQuery monitoring
direct_b,直接競合B,馴れ初めステーション,馴れ初めステーション,@馴れ初めステーション,UCnQXafSqW9wSkwGi-7-xn2Q,UCnQXafSqW9wSkwGi-7-xn2Q,BQ突合済み,canonical_channel_id,DBデータあり,過去競合・現在非公開,False,weekly_restart_check,Git前回差分保全 3本,2160,not_found,unavailable,3,2026-09-13T07:00:28Z,2026-09-30T22:38:50+00:00,3,3,0,3,54015,3,54015,2026-09-13T07:00:28Z,2026-09-13T07:00:28Z,2026-10-01 03:20:20,0,0,0,3,3,0,current,User requested 2026-09-13; daily BigQuery monitoring
direct_b,直接競合B,2ch馴れ初め横丁,2ch馴れ初め横丁,@2ch-dc5iy,UCNxo2FDan06anwFifY5ew5w,UCNxo2FDan06anwFifY5ew5w,BQ突合済み,canonical_channel_id,DBデータあり,競合・更新あり,True,daily_new_video_and_stats,履歴保全 1/216・Git差分保全,18000,active,public,215,2026-09-29T08:30:03Z,2026-09-30T22:38:50+00:00,215,215,0,215,8951681,216,8956577,2026-09-29T08:30:03Z,2026-09-29T08:30:03Z,2026-10-01 03:20:20,0,1,1,216,8,0,"current,observed_archive",User approved 2026-09-30; full metadata monitoring; paid OCR excluded
direct_b,直接競合B,馴れ初めの中心で愛を叫ぶ,馴れ初めの中心で愛を叫ぶ,@馴れ初めの中心で愛を叫ぶ,UCnHQiFUyQhT6wPG8bJcreMg,UCnHQiFUyQhT6wPG8bJcreMg,BQ突合済み,canonical_channel_id,DBデータあり,競合・更新あり,True,daily_new_video_and_stats,Git前回差分保全 116本,3230,active,public,116,2026-09-30T08:00:09Z,2026-09-30T22:38:50+00:00,116,116,0,116,1199292,116,1199292,2026-09-30T08:00:09Z,2026-09-30T08:00:09Z,2026-10-01 03:20:20,0,0,0,116,111,0,current,User approved 2026-09-30; full metadata monitoring; paid OCR excluded
